{"cameraMode":{"drawMode":0,"name":"Shaded","section":"Shading Mode"},"sceneLighting":false,"audioPlay":false,"sceneViewState":{"showFog":true,"showMaterialUpdate":false,"showSkybox":true,"showFlares":true,"showImageEffects":true,"showParticleSystems":true,"showVisualEffectGraphs":true,"m_FxEnabled":false},"in2DMode":false,"pivot":{"x":15.783658981323243,"y":17.748926162719728,"z":-84.86017608642578},"rotation":{"x":0.0328642763197422,"y":0.09343836456537247,"z":0.003082523588091135,"w":-0.9950692057609558},"size":15.845833778381348,"orthographic":false}